<?xml version="1.0" encoding="utf-8" standalone="yes"?>
<rss version="2.0" xmlns:atom="http://www.w3.org/2005/Atom">
    <channel>
        <title>Tags on Grutto Archeologie</title>
        <link>http://localhost:4321/tags/</link>
        <description>Recent content in Tags on Grutto Archeologie</description>
        <generator>Hugo -- gohugo.io</generator>
        <language>en-us</language>
        <lastBuildDate>Thu, 07 Sep 2023 00:00:00 +0000</lastBuildDate><atom:link href="http://localhost:4321/tags/index.xml" rel="self" type="application/rss+xml" /><item>
        <title>Css</title>
        <link>http://localhost:4321/tags/css/</link>
        <pubDate>Thu, 07 Sep 2023 00:00:00 +0000</pubDate>
        
        <guid>http://localhost:4321/tags/css/</guid>
        <description></description>
        </item>
        <item>
        <title>Html</title>
        <link>http://localhost:4321/tags/html/</link>
        <pubDate>Thu, 07 Sep 2023 00:00:00 +0000</pubDate>
        
        <guid>http://localhost:4321/tags/html/</guid>
        <description></description>
        </item>
        <item>
        <title>Markdown</title>
        <link>http://localhost:4321/tags/markdown/</link>
        <pubDate>Thu, 07 Sep 2023 00:00:00 +0000</pubDate>
        
        <guid>http://localhost:4321/tags/markdown/</guid>
        <description></description>
        </item>
        <item>
        <title>Themes</title>
        <link>http://localhost:4321/tags/themes/</link>
        <pubDate>Thu, 07 Sep 2023 00:00:00 +0000</pubDate>
        
        <guid>http://localhost:4321/tags/themes/</guid>
        <description></description>
        </item>
        <item>
        <title>Example Tag</title>
        <link>http://localhost:4321/tags/example-tag/</link>
        <pubDate>Sun, 06 Mar 2022 00:00:00 +0000</pubDate>
        
        <guid>http://localhost:4321/tags/example-tag/</guid>
        <description></description>
        </item>
        <item>
        <title>Plot</title>
        <link>http://localhost:4321/tags/plot/</link>
        <pubDate>Tue, 01 Dec 2020 21:13:14 -0500</pubDate>
        
        <guid>http://localhost:4321/tags/plot/</guid>
        <description></description>
        </item>
        <item>
        <title>R Markdown</title>
        <link>http://localhost:4321/tags/r-markdown/</link>
        <pubDate>Tue, 01 Dec 2020 21:13:14 -0500</pubDate>
        
        <guid>http://localhost:4321/tags/r-markdown/</guid>
        <description></description>
        </item>
        <item>
        <title>Regression</title>
        <link>http://localhost:4321/tags/regression/</link>
        <pubDate>Tue, 01 Dec 2020 21:13:14 -0500</pubDate>
        
        <guid>http://localhost:4321/tags/regression/</guid>
        <description></description>
        </item>
        
    </channel>
</rss>
