<?xml version="1.0" encoding="utf-8" standalone="yes"?>
<rss version="2.0" xmlns:atom="http://www.w3.org/2005/Atom">
    <channel>
        <title>Grutto Archeologie</title>
        <link>http://localhost:4321/</link>
        <description>Recent content on Grutto Archeologie</description>
        <generator>Hugo -- gohugo.io</generator>
        <language>en-us</language>
        <lastBuildDate>Mon, 03 Feb 2025 00:00:00 +0000</lastBuildDate><atom:link href="http://localhost:4321/index.xml" rel="self" type="application/rss+xml" /><item>
        <title>Session 1 - Introduction to Predictive Modelling</title>
        <link>http://localhost:4321/p/hello-world/</link>
        <pubDate>Mon, 03 Feb 2025 00:00:00 +0000</pubDate>
        
        <guid>http://localhost:4321/p/hello-world/</guid>
        <description>&lt;img src="http://localhost:4321/p/hello-world/cover.jpg" alt="Featured image of post Session 1 - Introduction to Predictive Modelling" /&gt;&lt;p&gt;Welcome to Hugo theme Stack. This is your first post. Edit or delete it, then start writing!&lt;/p&gt;
&lt;p&gt;For more information about this theme, check the documentation: &lt;a class=&#34;link&#34; href=&#34;https://stack.jimmycai.com/&#34;  target=&#34;_blank&#34; rel=&#34;noopener&#34;
    &gt;https://stack.jimmycai.com/&lt;/a&gt;&lt;/p&gt;
&lt;p&gt;Want a site like this? Check out &lt;a class=&#34;link&#34; href=&#34;https://github.com/CaiJimmy/hugo-theme-stack-starter&#34;  target=&#34;_blank&#34; rel=&#34;noopener&#34;
    &gt;hugo-theme-stack-stater&lt;/a&gt;&lt;/p&gt;
&lt;blockquote&gt;
&lt;p&gt;Photo by &lt;a class=&#34;link&#34; href=&#34;https://unsplash.com/@pawel_czerwinski&#34;  target=&#34;_blank&#34; rel=&#34;noopener&#34;
    &gt;Pawel Czerwinski&lt;/a&gt; on &lt;a class=&#34;link&#34; href=&#34;https://unsplash.com/&#34;  target=&#34;_blank&#34; rel=&#34;noopener&#34;
    &gt;Unsplash&lt;/a&gt;&lt;/p&gt;&lt;/blockquote&gt;
</description>
        </item>
        <item>
        <title>Markdown Syntax Guide</title>
        <link>http://localhost:4321/p/markdown-syntax-guide/</link>
        <pubDate>Thu, 07 Sep 2023 00:00:00 +0000</pubDate>
        
        <guid>http://localhost:4321/p/markdown-syntax-guide/</guid>
        <description>&lt;p&gt;This article offers a sample of basic Markdown syntax that can be used in Hugo content files, also it shows whether basic HTML elements are decorated with CSS in a Hugo theme.&lt;/p&gt;
&lt;h2 id=&#34;headings&#34;&gt;Headings
&lt;/h2&gt;&lt;p&gt;The following HTML &lt;code&gt;&amp;lt;h1&amp;gt;&lt;/code&gt;—&lt;code&gt;&amp;lt;h6&amp;gt;&lt;/code&gt; elements represent six levels of section headings. &lt;code&gt;&amp;lt;h1&amp;gt;&lt;/code&gt; is the highest section level while &lt;code&gt;&amp;lt;h6&amp;gt;&lt;/code&gt; is the lowest.&lt;/p&gt;
&lt;h1 id=&#34;h1&#34;&gt;H1
&lt;/h1&gt;&lt;h2 id=&#34;h2&#34;&gt;H2
&lt;/h2&gt;&lt;h3 id=&#34;h3&#34;&gt;H3
&lt;/h3&gt;&lt;h4 id=&#34;h4&#34;&gt;H4
&lt;/h4&gt;&lt;h5 id=&#34;h5&#34;&gt;H5
&lt;/h5&gt;&lt;h6 id=&#34;h6&#34;&gt;H6
&lt;/h6&gt;&lt;h2 id=&#34;paragraph&#34;&gt;Paragraph
&lt;/h2&gt;&lt;p&gt;Xerum, quo qui aut unt expliquam qui dolut labo. Aque venitatiusda cum, voluptionse latur sitiae dolessi aut parist aut dollo enim qui voluptate ma dolestendit peritin re plis aut quas inctum laceat est volestemque commosa as cus endigna tectur, offic to cor sequas etum rerum idem sintibus eiur? Quianimin porecus evelectur, cum que nis nust voloribus ratem aut omnimi, sitatur? Quiatem. Nam, omnis sum am facea corem alique molestrunt et eos evelece arcillit ut aut eos eos nus, sin conecerem erum fuga. Ri oditatquam, ad quibus unda veliamenimin cusam et facea ipsamus es exerum sitate dolores editium rerore eost, temped molorro ratiae volorro te reribus dolorer sperchicium faceata tiustia prat.&lt;/p&gt;
&lt;p&gt;Itatur? Quiatae cullecum rem ent aut odis in re eossequodi nonsequ idebis ne sapicia is sinveli squiatum, core et que aut hariosam ex eat.&lt;/p&gt;
&lt;h2 id=&#34;blockquotes&#34;&gt;Blockquotes
&lt;/h2&gt;&lt;p&gt;The blockquote element represents content that is quoted from another source, optionally with a citation which must be within a &lt;code&gt;footer&lt;/code&gt; or &lt;code&gt;cite&lt;/code&gt; element, and optionally with in-line changes such as annotations and abbreviations.&lt;/p&gt;
&lt;h3 id=&#34;blockquote-without-attribution&#34;&gt;Blockquote without attribution
&lt;/h3&gt;&lt;blockquote&gt;
&lt;p&gt;Tiam, ad mint andaepu dandae nostion secatur sequo quae.
&lt;strong&gt;Note&lt;/strong&gt; that you can use &lt;em&gt;Markdown syntax&lt;/em&gt; within a blockquote.&lt;/p&gt;&lt;/blockquote&gt;
&lt;h3 id=&#34;blockquote-with-attribution&#34;&gt;Blockquote with attribution
&lt;/h3&gt;&lt;blockquote&gt;
&lt;p&gt;Don&amp;rsquo;t communicate by sharing memory, share memory by communicating.&lt;br&gt;
— &lt;cite&gt;Rob Pike&lt;sup id=&#34;fnref:1&#34;&gt;&lt;a href=&#34;#fn:1&#34; class=&#34;footnote-ref&#34; role=&#34;doc-noteref&#34;&gt;1&lt;/a&gt;&lt;/sup&gt;&lt;/cite&gt;&lt;/p&gt;&lt;/blockquote&gt;
&lt;h2 id=&#34;tables&#34;&gt;Tables
&lt;/h2&gt;&lt;p&gt;Tables aren&amp;rsquo;t part of the core Markdown spec, but Hugo supports supports them out-of-the-box.&lt;/p&gt;
&lt;table&gt;
  &lt;thead&gt;
      &lt;tr&gt;
          &lt;th&gt;Name&lt;/th&gt;
          &lt;th&gt;Age&lt;/th&gt;
      &lt;/tr&gt;
  &lt;/thead&gt;
  &lt;tbody&gt;
      &lt;tr&gt;
          &lt;td&gt;Bob&lt;/td&gt;
          &lt;td&gt;27&lt;/td&gt;
      &lt;/tr&gt;
      &lt;tr&gt;
          &lt;td&gt;Alice&lt;/td&gt;
          &lt;td&gt;23&lt;/td&gt;
      &lt;/tr&gt;
  &lt;/tbody&gt;
&lt;/table&gt;
&lt;h3 id=&#34;inline-markdown-within-tables&#34;&gt;Inline Markdown within tables
&lt;/h3&gt;&lt;table&gt;
  &lt;thead&gt;
      &lt;tr&gt;
          &lt;th&gt;Italics&lt;/th&gt;
          &lt;th&gt;Bold&lt;/th&gt;
          &lt;th&gt;Code&lt;/th&gt;
      &lt;/tr&gt;
  &lt;/thead&gt;
  &lt;tbody&gt;
      &lt;tr&gt;
          &lt;td&gt;&lt;em&gt;italics&lt;/em&gt;&lt;/td&gt;
          &lt;td&gt;&lt;strong&gt;bold&lt;/strong&gt;&lt;/td&gt;
          &lt;td&gt;&lt;code&gt;code&lt;/code&gt;&lt;/td&gt;
      &lt;/tr&gt;
  &lt;/tbody&gt;
&lt;/table&gt;
&lt;table&gt;
  &lt;thead&gt;
      &lt;tr&gt;
          &lt;th&gt;A&lt;/th&gt;
          &lt;th&gt;B&lt;/th&gt;
          &lt;th&gt;C&lt;/th&gt;
          &lt;th&gt;D&lt;/th&gt;
          &lt;th&gt;E&lt;/th&gt;
          &lt;th&gt;F&lt;/th&gt;
      &lt;/tr&gt;
  &lt;/thead&gt;
  &lt;tbody&gt;
      &lt;tr&gt;
          &lt;td&gt;Lorem ipsum dolor sit amet, consectetur adipiscing elit.&lt;/td&gt;
          &lt;td&gt;Phasellus ultricies, sapien non euismod aliquam, dui ligula tincidunt odio, at accumsan nulla sapien eget ex.&lt;/td&gt;
          &lt;td&gt;Proin eleifend dictum ipsum, non euismod ipsum pulvinar et. Vivamus sollicitudin, quam in pulvinar aliquam, metus elit pretium purus&lt;/td&gt;
          &lt;td&gt;Proin sit amet velit nec enim imperdiet vehicula.&lt;/td&gt;
          &lt;td&gt;Ut bibendum vestibulum quam, eu egestas turpis gravida nec&lt;/td&gt;
          &lt;td&gt;Sed scelerisque nec turpis vel viverra. Vivamus vitae pretium sapien&lt;/td&gt;
      &lt;/tr&gt;
  &lt;/tbody&gt;
&lt;/table&gt;
&lt;h2 id=&#34;code-blocks&#34;&gt;Code Blocks
&lt;/h2&gt;&lt;h3 id=&#34;code-block-with-backticks&#34;&gt;Code block with backticks
&lt;/h3&gt;&lt;div class=&#34;highlight&#34;&gt;&lt;div class=&#34;chroma&#34;&gt;
&lt;table class=&#34;lntable&#34;&gt;&lt;tr&gt;&lt;td class=&#34;lntd&#34;&gt;
&lt;pre tabindex=&#34;0&#34; class=&#34;chroma&#34;&gt;&lt;code&gt;&lt;span class=&#34;lnt&#34;&gt; 1
&lt;/span&gt;&lt;span class=&#34;lnt&#34;&gt; 2
&lt;/span&gt;&lt;span class=&#34;lnt&#34;&gt; 3
&lt;/span&gt;&lt;span class=&#34;lnt&#34;&gt; 4
&lt;/span&gt;&lt;span class=&#34;lnt&#34;&gt; 5
&lt;/span&gt;&lt;span class=&#34;lnt&#34;&gt; 6
&lt;/span&gt;&lt;span class=&#34;lnt&#34;&gt; 7
&lt;/span&gt;&lt;span class=&#34;lnt&#34;&gt; 8
&lt;/span&gt;&lt;span class=&#34;lnt&#34;&gt; 9
&lt;/span&gt;&lt;span class=&#34;lnt&#34;&gt;10
&lt;/span&gt;&lt;/code&gt;&lt;/pre&gt;&lt;/td&gt;
&lt;td class=&#34;lntd&#34;&gt;
&lt;pre tabindex=&#34;0&#34; class=&#34;chroma&#34;&gt;&lt;code class=&#34;language-html&#34; data-lang=&#34;html&#34;&gt;&lt;span class=&#34;line&#34;&gt;&lt;span class=&#34;cl&#34;&gt;&lt;span class=&#34;cp&#34;&gt;&amp;lt;!doctype html&amp;gt;&lt;/span&gt;
&lt;/span&gt;&lt;/span&gt;&lt;span class=&#34;line&#34;&gt;&lt;span class=&#34;cl&#34;&gt;&lt;span class=&#34;p&#34;&gt;&amp;lt;&lt;/span&gt;&lt;span class=&#34;nt&#34;&gt;html&lt;/span&gt; &lt;span class=&#34;na&#34;&gt;lang&lt;/span&gt;&lt;span class=&#34;o&#34;&gt;=&lt;/span&gt;&lt;span class=&#34;s&#34;&gt;&amp;#34;en&amp;#34;&lt;/span&gt;&lt;span class=&#34;p&#34;&gt;&amp;gt;&lt;/span&gt;
&lt;/span&gt;&lt;/span&gt;&lt;span class=&#34;line&#34;&gt;&lt;span class=&#34;cl&#34;&gt;&lt;span class=&#34;p&#34;&gt;&amp;lt;&lt;/span&gt;&lt;span class=&#34;nt&#34;&gt;head&lt;/span&gt;&lt;span class=&#34;p&#34;&gt;&amp;gt;&lt;/span&gt;
&lt;/span&gt;&lt;/span&gt;&lt;span class=&#34;line&#34;&gt;&lt;span class=&#34;cl&#34;&gt;  &lt;span class=&#34;p&#34;&gt;&amp;lt;&lt;/span&gt;&lt;span class=&#34;nt&#34;&gt;meta&lt;/span&gt; &lt;span class=&#34;na&#34;&gt;charset&lt;/span&gt;&lt;span class=&#34;o&#34;&gt;=&lt;/span&gt;&lt;span class=&#34;s&#34;&gt;&amp;#34;utf-8&amp;#34;&lt;/span&gt;&lt;span class=&#34;p&#34;&gt;&amp;gt;&lt;/span&gt;
&lt;/span&gt;&lt;/span&gt;&lt;span class=&#34;line&#34;&gt;&lt;span class=&#34;cl&#34;&gt;  &lt;span class=&#34;p&#34;&gt;&amp;lt;&lt;/span&gt;&lt;span class=&#34;nt&#34;&gt;title&lt;/span&gt;&lt;span class=&#34;p&#34;&gt;&amp;gt;&lt;/span&gt;Example HTML5 Document&lt;span class=&#34;p&#34;&gt;&amp;lt;/&lt;/span&gt;&lt;span class=&#34;nt&#34;&gt;title&lt;/span&gt;&lt;span class=&#34;p&#34;&gt;&amp;gt;&lt;/span&gt;
&lt;/span&gt;&lt;/span&gt;&lt;span class=&#34;line&#34;&gt;&lt;span class=&#34;cl&#34;&gt;&lt;span class=&#34;p&#34;&gt;&amp;lt;/&lt;/span&gt;&lt;span class=&#34;nt&#34;&gt;head&lt;/span&gt;&lt;span class=&#34;p&#34;&gt;&amp;gt;&lt;/span&gt;
&lt;/span&gt;&lt;/span&gt;&lt;span class=&#34;line&#34;&gt;&lt;span class=&#34;cl&#34;&gt;&lt;span class=&#34;p&#34;&gt;&amp;lt;&lt;/span&gt;&lt;span class=&#34;nt&#34;&gt;body&lt;/span&gt;&lt;span class=&#34;p&#34;&gt;&amp;gt;&lt;/span&gt;
&lt;/span&gt;&lt;/span&gt;&lt;span class=&#34;line&#34;&gt;&lt;span class=&#34;cl&#34;&gt;  &lt;span class=&#34;p&#34;&gt;&amp;lt;&lt;/span&gt;&lt;span class=&#34;nt&#34;&gt;p&lt;/span&gt;&lt;span class=&#34;p&#34;&gt;&amp;gt;&lt;/span&gt;Test&lt;span class=&#34;p&#34;&gt;&amp;lt;/&lt;/span&gt;&lt;span class=&#34;nt&#34;&gt;p&lt;/span&gt;&lt;span class=&#34;p&#34;&gt;&amp;gt;&lt;/span&gt;
&lt;/span&gt;&lt;/span&gt;&lt;span class=&#34;line&#34;&gt;&lt;span class=&#34;cl&#34;&gt;&lt;span class=&#34;p&#34;&gt;&amp;lt;/&lt;/span&gt;&lt;span class=&#34;nt&#34;&gt;body&lt;/span&gt;&lt;span class=&#34;p&#34;&gt;&amp;gt;&lt;/span&gt;
&lt;/span&gt;&lt;/span&gt;&lt;span class=&#34;line&#34;&gt;&lt;span class=&#34;cl&#34;&gt;&lt;span class=&#34;p&#34;&gt;&amp;lt;/&lt;/span&gt;&lt;span class=&#34;nt&#34;&gt;html&lt;/span&gt;&lt;span class=&#34;p&#34;&gt;&amp;gt;&lt;/span&gt;
&lt;/span&gt;&lt;/span&gt;&lt;/code&gt;&lt;/pre&gt;&lt;/td&gt;&lt;/tr&gt;&lt;/table&gt;
&lt;/div&gt;
&lt;/div&gt;&lt;h3 id=&#34;code-block-indented-with-four-spaces&#34;&gt;Code block indented with four spaces
&lt;/h3&gt;&lt;pre&gt;&lt;code&gt;&amp;lt;!doctype html&amp;gt;
&amp;lt;html lang=&amp;quot;en&amp;quot;&amp;gt;
&amp;lt;head&amp;gt;
  &amp;lt;meta charset=&amp;quot;utf-8&amp;quot;&amp;gt;
  &amp;lt;title&amp;gt;Example HTML5 Document&amp;lt;/title&amp;gt;
&amp;lt;/head&amp;gt;
&amp;lt;body&amp;gt;
  &amp;lt;p&amp;gt;Test&amp;lt;/p&amp;gt;
&amp;lt;/body&amp;gt;
&amp;lt;/html&amp;gt;
&lt;/code&gt;&lt;/pre&gt;
&lt;h3 id=&#34;diff-code-block&#34;&gt;Diff code block
&lt;/h3&gt;&lt;div class=&#34;highlight&#34;&gt;&lt;div class=&#34;chroma&#34;&gt;
&lt;table class=&#34;lntable&#34;&gt;&lt;tr&gt;&lt;td class=&#34;lntd&#34;&gt;
&lt;pre tabindex=&#34;0&#34; class=&#34;chroma&#34;&gt;&lt;code&gt;&lt;span class=&#34;lnt&#34;&gt;1
&lt;/span&gt;&lt;span class=&#34;lnt&#34;&gt;2
&lt;/span&gt;&lt;span class=&#34;lnt&#34;&gt;3
&lt;/span&gt;&lt;span class=&#34;lnt&#34;&gt;4
&lt;/span&gt;&lt;span class=&#34;lnt&#34;&gt;5
&lt;/span&gt;&lt;/code&gt;&lt;/pre&gt;&lt;/td&gt;
&lt;td class=&#34;lntd&#34;&gt;
&lt;pre tabindex=&#34;0&#34; class=&#34;chroma&#34;&gt;&lt;code class=&#34;language-diff&#34; data-lang=&#34;diff&#34;&gt;&lt;span class=&#34;line&#34;&gt;&lt;span class=&#34;cl&#34;&gt;[dependencies.bevy]
&lt;/span&gt;&lt;/span&gt;&lt;span class=&#34;line&#34;&gt;&lt;span class=&#34;cl&#34;&gt;git = &amp;#34;https://github.com/bevyengine/bevy&amp;#34;
&lt;/span&gt;&lt;/span&gt;&lt;span class=&#34;line&#34;&gt;&lt;span class=&#34;cl&#34;&gt;rev = &amp;#34;11f52b8c72fc3a568e8bb4a4cd1f3eb025ac2e13&amp;#34;
&lt;/span&gt;&lt;/span&gt;&lt;span class=&#34;line&#34;&gt;&lt;span class=&#34;cl&#34;&gt;&lt;span class=&#34;gd&#34;&gt;- features = [&amp;#34;dynamic&amp;#34;]
&lt;/span&gt;&lt;/span&gt;&lt;/span&gt;&lt;span class=&#34;line&#34;&gt;&lt;span class=&#34;cl&#34;&gt;&lt;span class=&#34;gd&#34;&gt;&lt;/span&gt;&lt;span class=&#34;gi&#34;&gt;+ features = [&amp;#34;jpeg&amp;#34;, &amp;#34;dynamic&amp;#34;]
&lt;/span&gt;&lt;/span&gt;&lt;/span&gt;&lt;/code&gt;&lt;/pre&gt;&lt;/td&gt;&lt;/tr&gt;&lt;/table&gt;
&lt;/div&gt;
&lt;/div&gt;&lt;h3 id=&#34;one-line-code-block&#34;&gt;One line code block
&lt;/h3&gt;&lt;div class=&#34;highlight&#34;&gt;&lt;div class=&#34;chroma&#34;&gt;
&lt;table class=&#34;lntable&#34;&gt;&lt;tr&gt;&lt;td class=&#34;lntd&#34;&gt;
&lt;pre tabindex=&#34;0&#34; class=&#34;chroma&#34;&gt;&lt;code&gt;&lt;span class=&#34;lnt&#34;&gt;1
&lt;/span&gt;&lt;/code&gt;&lt;/pre&gt;&lt;/td&gt;
&lt;td class=&#34;lntd&#34;&gt;
&lt;pre tabindex=&#34;0&#34; class=&#34;chroma&#34;&gt;&lt;code class=&#34;language-html&#34; data-lang=&#34;html&#34;&gt;&lt;span class=&#34;line&#34;&gt;&lt;span class=&#34;cl&#34;&gt;&lt;span class=&#34;p&#34;&gt;&amp;lt;&lt;/span&gt;&lt;span class=&#34;nt&#34;&gt;p&lt;/span&gt;&lt;span class=&#34;p&#34;&gt;&amp;gt;&lt;/span&gt;A paragraph&lt;span class=&#34;p&#34;&gt;&amp;lt;/&lt;/span&gt;&lt;span class=&#34;nt&#34;&gt;p&lt;/span&gt;&lt;span class=&#34;p&#34;&gt;&amp;gt;&lt;/span&gt;
&lt;/span&gt;&lt;/span&gt;&lt;/code&gt;&lt;/pre&gt;&lt;/td&gt;&lt;/tr&gt;&lt;/table&gt;
&lt;/div&gt;
&lt;/div&gt;&lt;h2 id=&#34;list-types&#34;&gt;List Types
&lt;/h2&gt;&lt;h3 id=&#34;ordered-list&#34;&gt;Ordered List
&lt;/h3&gt;&lt;ol&gt;
&lt;li&gt;First item&lt;/li&gt;
&lt;li&gt;Second item&lt;/li&gt;
&lt;li&gt;Third item&lt;/li&gt;
&lt;/ol&gt;
&lt;h3 id=&#34;unordered-list&#34;&gt;Unordered List
&lt;/h3&gt;&lt;ul&gt;
&lt;li&gt;List item&lt;/li&gt;
&lt;li&gt;Another item&lt;/li&gt;
&lt;li&gt;And another item&lt;/li&gt;
&lt;/ul&gt;
&lt;h3 id=&#34;nested-list&#34;&gt;Nested list
&lt;/h3&gt;&lt;ul&gt;
&lt;li&gt;Fruit
&lt;ul&gt;
&lt;li&gt;Apple&lt;/li&gt;
&lt;li&gt;Orange&lt;/li&gt;
&lt;li&gt;Banana&lt;/li&gt;
&lt;/ul&gt;
&lt;/li&gt;
&lt;li&gt;Dairy
&lt;ul&gt;
&lt;li&gt;Milk&lt;/li&gt;
&lt;li&gt;Cheese&lt;/li&gt;
&lt;/ul&gt;
&lt;/li&gt;
&lt;/ul&gt;
&lt;h2 id=&#34;other-elements--abbr-sub-sup-kbd-mark&#34;&gt;Other Elements — abbr, sub, sup, kbd, mark
&lt;/h2&gt;&lt;p&gt;&lt;abbr title=&#34;Graphics Interchange Format&#34;&gt;GIF&lt;/abbr&gt; is a bitmap image format.&lt;/p&gt;
&lt;p&gt;H&lt;sub&gt;2&lt;/sub&gt;O&lt;/p&gt;
&lt;p&gt;X&lt;sup&gt;n&lt;/sup&gt; + Y&lt;sup&gt;n&lt;/sup&gt; = Z&lt;sup&gt;n&lt;/sup&gt;&lt;/p&gt;
&lt;p&gt;Press &lt;kbd&gt;CTRL&lt;/kbd&gt; + &lt;kbd&gt;ALT&lt;/kbd&gt; + &lt;kbd&gt;Delete&lt;/kbd&gt; to end the session.&lt;/p&gt;
&lt;p&gt;Most &lt;mark&gt;salamanders&lt;/mark&gt; are nocturnal, and hunt for insects, worms, and other small creatures.&lt;/p&gt;
&lt;div class=&#34;footnotes&#34; role=&#34;doc-endnotes&#34;&gt;
&lt;hr&gt;
&lt;ol&gt;
&lt;li id=&#34;fn:1&#34;&gt;
&lt;p&gt;The above quote is excerpted from Rob Pike&amp;rsquo;s &lt;a class=&#34;link&#34; href=&#34;https://www.youtube.com/watch?v=PAAkCSZUG1c&#34;  target=&#34;_blank&#34; rel=&#34;noopener&#34;
    &gt;talk&lt;/a&gt; during Gopherfest, November 18, 2015.&amp;#160;&lt;a href=&#34;#fnref:1&#34; class=&#34;footnote-backref&#34; role=&#34;doc-backlink&#34;&gt;&amp;#x21a9;&amp;#xfe0e;&lt;/a&gt;&lt;/p&gt;
&lt;/li&gt;
&lt;/ol&gt;
&lt;/div&gt;</description>
        </item>
        <item>
        <title>Image gallery</title>
        <link>http://localhost:4321/p/image-gallery/</link>
        <pubDate>Sat, 26 Aug 2023 00:00:00 +0000</pubDate>
        
        <guid>http://localhost:4321/p/image-gallery/</guid>
        <description>&lt;img src="http://localhost:4321/p/image-gallery/2.jpg" alt="Featured image of post Image gallery" /&gt;&lt;p&gt;Hugo theme Stack supports the creation of interactive image galleries using Markdown. It&amp;rsquo;s powered by &lt;a class=&#34;link&#34; href=&#34;https://photoswipe.com/&#34;  target=&#34;_blank&#34; rel=&#34;noopener&#34;
    &gt;PhotoSwipe&lt;/a&gt; and its syntax was inspired by &lt;a class=&#34;link&#34; href=&#34;https://typlog.com/&#34;  target=&#34;_blank&#34; rel=&#34;noopener&#34;
    &gt;Typlog&lt;/a&gt;.&lt;/p&gt;
&lt;p&gt;To use this feature, the image must be in the same directory as the Markdown file, as it uses Hugo&amp;rsquo;s page bundle feature to read the dimensions of the image. &lt;strong&gt;External images are not supported.&lt;/strong&gt;&lt;/p&gt;
&lt;h2 id=&#34;syntax&#34;&gt;Syntax
&lt;/h2&gt;&lt;div class=&#34;highlight&#34;&gt;&lt;div class=&#34;chroma&#34;&gt;
&lt;table class=&#34;lntable&#34;&gt;&lt;tr&gt;&lt;td class=&#34;lntd&#34;&gt;
&lt;pre tabindex=&#34;0&#34; class=&#34;chroma&#34;&gt;&lt;code&gt;&lt;span class=&#34;lnt&#34;&gt;1
&lt;/span&gt;&lt;/code&gt;&lt;/pre&gt;&lt;/td&gt;
&lt;td class=&#34;lntd&#34;&gt;
&lt;pre tabindex=&#34;0&#34; class=&#34;chroma&#34;&gt;&lt;code class=&#34;language-markdown&#34; data-lang=&#34;markdown&#34;&gt;&lt;span class=&#34;line&#34;&gt;&lt;span class=&#34;cl&#34;&gt;![&lt;span class=&#34;nt&#34;&gt;Image 1&lt;/span&gt;](&lt;span class=&#34;na&#34;&gt;1.jpg&lt;/span&gt;) ![&lt;span class=&#34;nt&#34;&gt;Image 2&lt;/span&gt;](&lt;span class=&#34;na&#34;&gt;2.jpg&lt;/span&gt;)
&lt;/span&gt;&lt;/span&gt;&lt;/code&gt;&lt;/pre&gt;&lt;/td&gt;&lt;/tr&gt;&lt;/table&gt;
&lt;/div&gt;
&lt;/div&gt;&lt;h2 id=&#34;result&#34;&gt;Result
&lt;/h2&gt;&lt;p&gt;&lt;img src=&#34;http://localhost:4321/p/image-gallery/1.jpg&#34;
	width=&#34;2000&#34;
	height=&#34;1400&#34;
	srcset=&#34;http://localhost:4321/p/image-gallery/1_hu_811b671457ffff1f.jpg 480w, http://localhost:4321/p/image-gallery/1_hu_c74af69dd7c1dcda.jpg 1024w&#34;
	loading=&#34;lazy&#34;
	
		alt=&#34;Image 1&#34;
	
	
		class=&#34;gallery-image&#34; 
		data-flex-grow=&#34;142&#34;
		data-flex-basis=&#34;342px&#34;
	
&gt; &lt;img src=&#34;http://localhost:4321/p/image-gallery/2.jpg&#34;
	width=&#34;1500&#34;
	height=&#34;2250&#34;
	srcset=&#34;http://localhost:4321/p/image-gallery/2_hu_42f6436cb1637265.jpg 480w, http://localhost:4321/p/image-gallery/2_hu_27862a49608da0d9.jpg 1024w&#34;
	loading=&#34;lazy&#34;
	
		alt=&#34;Image 2&#34;
	
	
		class=&#34;gallery-image&#34; 
		data-flex-grow=&#34;66&#34;
		data-flex-basis=&#34;160px&#34;
	
&gt;&lt;/p&gt;
&lt;blockquote&gt;
&lt;p&gt;Photo by &lt;a class=&#34;link&#34; href=&#34;https://unsplash.com/@mymind&#34;  target=&#34;_blank&#34; rel=&#34;noopener&#34;
    &gt;mymind&lt;/a&gt; and &lt;a class=&#34;link&#34; href=&#34;https://unsplash.com/@lukechesser&#34;  target=&#34;_blank&#34; rel=&#34;noopener&#34;
    &gt;Luke Chesser&lt;/a&gt; on &lt;a class=&#34;link&#34; href=&#34;https://unsplash.com/&#34;  target=&#34;_blank&#34; rel=&#34;noopener&#34;
    &gt;Unsplash&lt;/a&gt;&lt;/p&gt;&lt;/blockquote&gt;
</description>
        </item>
        <item>
        <title>Shortcodes</title>
        <link>http://localhost:4321/p/shortcodes/</link>
        <pubDate>Fri, 25 Aug 2023 00:00:00 +0000</pubDate>
        
        <guid>http://localhost:4321/p/shortcodes/</guid>
        <description>&lt;img src="http://localhost:4321/p/shortcodes/cover.jpg" alt="Featured image of post Shortcodes" /&gt;&lt;p&gt;For more details, check out the &lt;a class=&#34;link&#34; href=&#34;https://stack.jimmycai.com/writing/shortcodes&#34;  target=&#34;_blank&#34; rel=&#34;noopener&#34;
    &gt;documentation&lt;/a&gt;.&lt;/p&gt;
&lt;h2 id=&#34;bilibili-video&#34;&gt;Bilibili video
&lt;/h2&gt;





    


&lt;div class=&#34;video-wrapper&#34;&gt;
    &lt;iframe src=&#34;https://player.bilibili.com/player.html?as_wide=1&amp;amp;high_quality=1&amp;amp;page=1&amp;bvid=BV1d4411N7zD&#34;
            scrolling=&#34;no&#34;
            frameborder=&#34;no&#34;
            framespacing=&#34;0&#34;
            allowfullscreen=&#34;true&#34;
    &gt;
    &lt;/iframe&gt;
&lt;/div&gt;

&lt;h2 id=&#34;tencent-video&#34;&gt;Tencent video
&lt;/h2&gt;
&lt;div class=&#34;video-wrapper&#34;&gt;
    &lt;iframe src=&#34;https://v.qq.com/txp/iframe/player.html?vid=g0014r3khdw&amp;auto=0&#34; 
            scrolling=&#34;no&#34; 
            frameborder=&#34;no&#34;
            framespacing=&#34;0&#34; 
            allowfullscreen=&#34;true&#34;
    &gt;
    &lt;/iframe&gt;
&lt;/div&gt;
&lt;h2 id=&#34;youtube-video&#34;&gt;YouTube video
&lt;/h2&gt;&lt;div class=&#34;video-wrapper&#34;&gt;
    &lt;iframe loading=&#34;lazy&#34; 
            src=&#34;https://www.youtube.com/embed/0qwALOOvUik&#34; 
            allowfullscreen 
            title=&#34;YouTube Video&#34;
    &gt;
    &lt;/iframe&gt;
&lt;/div&gt;

&lt;h2 id=&#34;generic-video-file&#34;&gt;Generic video file
&lt;/h2&gt;&lt;div class=&#34;video-wrapper&#34;&gt;
    &lt;video
    controls
    src=&#34;https://www.w3schools.com/tags/movie.mp4&#34;
    
    
    &gt;
        &lt;p&gt;
            Your browser doesn&#39;t support HTML5 video. Here is a
            &lt;a href=&#34;https://www.w3schools.com/tags/movie.mp4&#34;&gt;link to the video&lt;/a&gt; instead.
        &lt;/p&gt;
    &lt;/video&gt;
&lt;/div&gt;

&lt;h2 id=&#34;gist&#34;&gt;Gist
&lt;/h2&gt;&lt;script src=&#34;https://gist.github.com/CaiJimmy/e2751a943de10b2a5b3a8a6c2120cb86.js&#34;&gt;&lt;/script&gt;

&lt;h2 id=&#34;gitlab&#34;&gt;GitLab
&lt;/h2&gt;&lt;script
    type=&#34;application/javascript&#34;
    src=&#34;https://gitlab.com/-/snippets/2589724.js&#34;
&gt;&lt;/script&gt;
&lt;h2 id=&#34;quote&#34;&gt;Quote
&lt;/h2&gt;&lt;blockquote&gt;
    &lt;p&gt;Lorem ipsum dolor sit amet, consectetur adipiscing elit, sed do eiusmod tempor incididunt ut labore et dolore magna aliqua. Ut enim ad minim veniam, quis nostrud exercitation ullamco laboris nisi ut aliquip ex ea commodo consequat. Duis aute irure dolor in reprehenderit in voluptate velit esse cillum dolore eu fugiat nulla pariatur. Excepteur sint occaecat cupidatat non proident, sunt in culpa qui officia deserunt mollit anim id est laborum.&lt;/p&gt;&lt;span class=&#34;cite&#34;&gt;&lt;span&gt;― &lt;/span&gt;&lt;span&gt;A famous person, &lt;/span&gt;&lt;a href=&#34;https://en.wikipedia.org/wiki/Book&#34;&gt;&lt;cite&gt;The book they wrote&lt;/cite&gt;&lt;/a&gt;&lt;/span&gt;&lt;/blockquote&gt;
&lt;hr&gt;
&lt;blockquote&gt;
&lt;p&gt;Photo by &lt;a class=&#34;link&#34; href=&#34;https://unsplash.com/@codioful&#34;  target=&#34;_blank&#34; rel=&#34;noopener&#34;
    &gt;Codioful&lt;/a&gt; on &lt;a class=&#34;link&#34; href=&#34;https://unsplash.com/photos/WDSN62Qdxuk&#34;  target=&#34;_blank&#34; rel=&#34;noopener&#34;
    &gt;Unsplash&lt;/a&gt;&lt;/p&gt;&lt;/blockquote&gt;
</description>
        </item>
        <item>
        <title>Math Typesetting</title>
        <link>http://localhost:4321/p/math-typesetting/</link>
        <pubDate>Thu, 24 Aug 2023 00:00:00 +0000</pubDate>
        
        <guid>http://localhost:4321/p/math-typesetting/</guid>
        <description>&lt;p&gt;Stack has built-in support for math typesetting using &lt;a class=&#34;link&#34; href=&#34;https://katex.org/&#34;  target=&#34;_blank&#34; rel=&#34;noopener&#34;
    &gt;KaTeX&lt;/a&gt;.&lt;/p&gt;
&lt;p&gt;&lt;strong&gt;It&amp;rsquo;s not enabled by default side-wide,&lt;/strong&gt; but you can enable it for individual posts by adding &lt;code&gt;math: true&lt;/code&gt; to the front matter. Or you can enable it side-wide by adding &lt;code&gt;math = true&lt;/code&gt; to the &lt;code&gt;params.article&lt;/code&gt; section in &lt;code&gt;config.toml&lt;/code&gt;.&lt;/p&gt;
&lt;h2 id=&#34;inline-math&#34;&gt;Inline math
&lt;/h2&gt;&lt;p&gt;This is an inline mathematical expression: $\varphi = \dfrac{1+\sqrt5}{2}= 1.6180339887…$&lt;/p&gt;
&lt;div class=&#34;highlight&#34;&gt;&lt;div class=&#34;chroma&#34;&gt;
&lt;table class=&#34;lntable&#34;&gt;&lt;tr&gt;&lt;td class=&#34;lntd&#34;&gt;
&lt;pre tabindex=&#34;0&#34; class=&#34;chroma&#34;&gt;&lt;code&gt;&lt;span class=&#34;lnt&#34;&gt;1
&lt;/span&gt;&lt;/code&gt;&lt;/pre&gt;&lt;/td&gt;
&lt;td class=&#34;lntd&#34;&gt;
&lt;pre tabindex=&#34;0&#34; class=&#34;chroma&#34;&gt;&lt;code class=&#34;language-markdown&#34; data-lang=&#34;markdown&#34;&gt;&lt;span class=&#34;line&#34;&gt;&lt;span class=&#34;cl&#34;&gt;$\varphi = \dfrac{1+\sqrt5}{2}= 1.6180339887…$
&lt;/span&gt;&lt;/span&gt;&lt;/code&gt;&lt;/pre&gt;&lt;/td&gt;&lt;/tr&gt;&lt;/table&gt;
&lt;/div&gt;
&lt;/div&gt;&lt;h2 id=&#34;block-math&#34;&gt;Block math
&lt;/h2&gt;$$
    \varphi = 1+\frac{1} {1+\frac{1} {1+\frac{1} {1+\cdots} } } 
$$&lt;div class=&#34;highlight&#34;&gt;&lt;div class=&#34;chroma&#34;&gt;
&lt;table class=&#34;lntable&#34;&gt;&lt;tr&gt;&lt;td class=&#34;lntd&#34;&gt;
&lt;pre tabindex=&#34;0&#34; class=&#34;chroma&#34;&gt;&lt;code&gt;&lt;span class=&#34;lnt&#34;&gt;1
&lt;/span&gt;&lt;span class=&#34;lnt&#34;&gt;2
&lt;/span&gt;&lt;span class=&#34;lnt&#34;&gt;3
&lt;/span&gt;&lt;/code&gt;&lt;/pre&gt;&lt;/td&gt;
&lt;td class=&#34;lntd&#34;&gt;
&lt;pre tabindex=&#34;0&#34; class=&#34;chroma&#34;&gt;&lt;code class=&#34;language-markdown&#34; data-lang=&#34;markdown&#34;&gt;&lt;span class=&#34;line&#34;&gt;&lt;span class=&#34;cl&#34;&gt;$$
&lt;/span&gt;&lt;/span&gt;&lt;span class=&#34;line&#34;&gt;&lt;span class=&#34;cl&#34;&gt;    \varphi = 1+\frac{1} {1+\frac{1} {1+\frac{1} {1+\cdots} } } 
&lt;/span&gt;&lt;/span&gt;&lt;span class=&#34;line&#34;&gt;&lt;span class=&#34;cl&#34;&gt;$$
&lt;/span&gt;&lt;/span&gt;&lt;/code&gt;&lt;/pre&gt;&lt;/td&gt;&lt;/tr&gt;&lt;/table&gt;
&lt;/div&gt;
&lt;/div&gt;$$
    f(x) = \int_{-\infty}^\infty\hat f(\xi)\,e^{2 \pi i \xi x}\,d\xi
$$&lt;div class=&#34;highlight&#34;&gt;&lt;div class=&#34;chroma&#34;&gt;
&lt;table class=&#34;lntable&#34;&gt;&lt;tr&gt;&lt;td class=&#34;lntd&#34;&gt;
&lt;pre tabindex=&#34;0&#34; class=&#34;chroma&#34;&gt;&lt;code&gt;&lt;span class=&#34;lnt&#34;&gt;1
&lt;/span&gt;&lt;span class=&#34;lnt&#34;&gt;2
&lt;/span&gt;&lt;span class=&#34;lnt&#34;&gt;3
&lt;/span&gt;&lt;/code&gt;&lt;/pre&gt;&lt;/td&gt;
&lt;td class=&#34;lntd&#34;&gt;
&lt;pre tabindex=&#34;0&#34; class=&#34;chroma&#34;&gt;&lt;code class=&#34;language-markdown&#34; data-lang=&#34;markdown&#34;&gt;&lt;span class=&#34;line&#34;&gt;&lt;span class=&#34;cl&#34;&gt;$$
&lt;/span&gt;&lt;/span&gt;&lt;span class=&#34;line&#34;&gt;&lt;span class=&#34;cl&#34;&gt;    f(x) = \int_{-\infty}^\infty\hat f(\xi)\,e^{2 \pi i \xi x}\,d\xi
&lt;/span&gt;&lt;/span&gt;&lt;span class=&#34;line&#34;&gt;&lt;span class=&#34;cl&#34;&gt;$$
&lt;/span&gt;&lt;/span&gt;&lt;/code&gt;&lt;/pre&gt;&lt;/td&gt;&lt;/tr&gt;&lt;/table&gt;
&lt;/div&gt;
&lt;/div&gt;</description>
        </item>
        <item>
        <title>Archives</title>
        <link>http://localhost:4321/archives/</link>
        <pubDate>Sun, 06 Mar 2022 00:00:00 +0000</pubDate>
        
        <guid>http://localhost:4321/archives/</guid>
        <description></description>
        </item>
        <item>
        <title>Hello R Markdown</title>
        <link>http://localhost:4321/p/hello-r-markdown/</link>
        <pubDate>Tue, 01 Dec 2020 21:13:14 -0500</pubDate>
        
        <guid>http://localhost:4321/p/hello-r-markdown/</guid>
        <description>&lt;h1 id=&#34;r-markdown&#34;&gt;R Markdown
&lt;/h1&gt;&lt;p&gt;This is an R Markdown document. Markdown is a simple formatting syntax for authoring HTML, PDF, and MS Word documents. For more details on using R Markdown see &lt;a class=&#34;link&#34; href=&#34;http://rmarkdown.rstudio.com&#34;  target=&#34;_blank&#34; rel=&#34;noopener&#34;
    &gt;http://rmarkdown.rstudio.com&lt;/a&gt;.&lt;/p&gt;
&lt;p&gt;You can embed an R code chunk like this:&lt;/p&gt;
&lt;div class=&#34;highlight&#34;&gt;&lt;div class=&#34;chroma&#34;&gt;
&lt;table class=&#34;lntable&#34;&gt;&lt;tr&gt;&lt;td class=&#34;lntd&#34;&gt;
&lt;pre tabindex=&#34;0&#34; class=&#34;chroma&#34;&gt;&lt;code&gt;&lt;span class=&#34;lnt&#34;&gt; 1
&lt;/span&gt;&lt;span class=&#34;lnt&#34;&gt; 2
&lt;/span&gt;&lt;span class=&#34;lnt&#34;&gt; 3
&lt;/span&gt;&lt;span class=&#34;lnt&#34;&gt; 4
&lt;/span&gt;&lt;span class=&#34;lnt&#34;&gt; 5
&lt;/span&gt;&lt;span class=&#34;lnt&#34;&gt; 6
&lt;/span&gt;&lt;span class=&#34;lnt&#34;&gt; 7
&lt;/span&gt;&lt;span class=&#34;lnt&#34;&gt; 8
&lt;/span&gt;&lt;span class=&#34;lnt&#34;&gt; 9
&lt;/span&gt;&lt;span class=&#34;lnt&#34;&gt;10
&lt;/span&gt;&lt;span class=&#34;lnt&#34;&gt;11
&lt;/span&gt;&lt;span class=&#34;lnt&#34;&gt;12
&lt;/span&gt;&lt;span class=&#34;lnt&#34;&gt;13
&lt;/span&gt;&lt;span class=&#34;lnt&#34;&gt;14
&lt;/span&gt;&lt;span class=&#34;lnt&#34;&gt;15
&lt;/span&gt;&lt;span class=&#34;lnt&#34;&gt;16
&lt;/span&gt;&lt;span class=&#34;lnt&#34;&gt;17
&lt;/span&gt;&lt;/code&gt;&lt;/pre&gt;&lt;/td&gt;
&lt;td class=&#34;lntd&#34;&gt;
&lt;pre tabindex=&#34;0&#34; class=&#34;chroma&#34;&gt;&lt;code class=&#34;language-r&#34; data-lang=&#34;r&#34;&gt;&lt;span class=&#34;line&#34;&gt;&lt;span class=&#34;cl&#34;&gt;&lt;span class=&#34;nf&#34;&gt;summary&lt;/span&gt;&lt;span class=&#34;p&#34;&gt;(&lt;/span&gt;&lt;span class=&#34;n&#34;&gt;cars&lt;/span&gt;&lt;span class=&#34;p&#34;&gt;)&lt;/span&gt;
&lt;/span&gt;&lt;/span&gt;&lt;span class=&#34;line&#34;&gt;&lt;span class=&#34;cl&#34;&gt;&lt;span class=&#34;c1&#34;&gt;##      speed           dist       &lt;/span&gt;
&lt;/span&gt;&lt;/span&gt;&lt;span class=&#34;line&#34;&gt;&lt;span class=&#34;cl&#34;&gt;&lt;span class=&#34;c1&#34;&gt;##  Min.   : 4.0   Min.   :  2.00  &lt;/span&gt;
&lt;/span&gt;&lt;/span&gt;&lt;span class=&#34;line&#34;&gt;&lt;span class=&#34;cl&#34;&gt;&lt;span class=&#34;c1&#34;&gt;##  1st Qu.:12.0   1st Qu.: 26.00  &lt;/span&gt;
&lt;/span&gt;&lt;/span&gt;&lt;span class=&#34;line&#34;&gt;&lt;span class=&#34;cl&#34;&gt;&lt;span class=&#34;c1&#34;&gt;##  Median :15.0   Median : 36.00  &lt;/span&gt;
&lt;/span&gt;&lt;/span&gt;&lt;span class=&#34;line&#34;&gt;&lt;span class=&#34;cl&#34;&gt;&lt;span class=&#34;c1&#34;&gt;##  Mean   :15.4   Mean   : 42.98  &lt;/span&gt;
&lt;/span&gt;&lt;/span&gt;&lt;span class=&#34;line&#34;&gt;&lt;span class=&#34;cl&#34;&gt;&lt;span class=&#34;c1&#34;&gt;##  3rd Qu.:19.0   3rd Qu.: 56.00  &lt;/span&gt;
&lt;/span&gt;&lt;/span&gt;&lt;span class=&#34;line&#34;&gt;&lt;span class=&#34;cl&#34;&gt;&lt;span class=&#34;c1&#34;&gt;##  Max.   :25.0   Max.   :120.00&lt;/span&gt;
&lt;/span&gt;&lt;/span&gt;&lt;span class=&#34;line&#34;&gt;&lt;span class=&#34;cl&#34;&gt;&lt;span class=&#34;n&#34;&gt;fit&lt;/span&gt; &lt;span class=&#34;o&#34;&gt;&amp;lt;-&lt;/span&gt; &lt;span class=&#34;nf&#34;&gt;lm&lt;/span&gt;&lt;span class=&#34;p&#34;&gt;(&lt;/span&gt;&lt;span class=&#34;n&#34;&gt;dist&lt;/span&gt; &lt;span class=&#34;o&#34;&gt;~&lt;/span&gt; &lt;span class=&#34;n&#34;&gt;speed&lt;/span&gt;&lt;span class=&#34;p&#34;&gt;,&lt;/span&gt; &lt;span class=&#34;n&#34;&gt;data&lt;/span&gt; &lt;span class=&#34;o&#34;&gt;=&lt;/span&gt; &lt;span class=&#34;n&#34;&gt;cars&lt;/span&gt;&lt;span class=&#34;p&#34;&gt;)&lt;/span&gt;
&lt;/span&gt;&lt;/span&gt;&lt;span class=&#34;line&#34;&gt;&lt;span class=&#34;cl&#34;&gt;&lt;span class=&#34;n&#34;&gt;fit&lt;/span&gt;
&lt;/span&gt;&lt;/span&gt;&lt;span class=&#34;line&#34;&gt;&lt;span class=&#34;cl&#34;&gt;&lt;span class=&#34;c1&#34;&gt;## &lt;/span&gt;
&lt;/span&gt;&lt;/span&gt;&lt;span class=&#34;line&#34;&gt;&lt;span class=&#34;cl&#34;&gt;&lt;span class=&#34;c1&#34;&gt;## Call:&lt;/span&gt;
&lt;/span&gt;&lt;/span&gt;&lt;span class=&#34;line&#34;&gt;&lt;span class=&#34;cl&#34;&gt;&lt;span class=&#34;c1&#34;&gt;## lm(formula = dist ~ speed, data = cars)&lt;/span&gt;
&lt;/span&gt;&lt;/span&gt;&lt;span class=&#34;line&#34;&gt;&lt;span class=&#34;cl&#34;&gt;&lt;span class=&#34;c1&#34;&gt;## &lt;/span&gt;
&lt;/span&gt;&lt;/span&gt;&lt;span class=&#34;line&#34;&gt;&lt;span class=&#34;cl&#34;&gt;&lt;span class=&#34;c1&#34;&gt;## Coefficients:&lt;/span&gt;
&lt;/span&gt;&lt;/span&gt;&lt;span class=&#34;line&#34;&gt;&lt;span class=&#34;cl&#34;&gt;&lt;span class=&#34;c1&#34;&gt;## (Intercept)        speed  &lt;/span&gt;
&lt;/span&gt;&lt;/span&gt;&lt;span class=&#34;line&#34;&gt;&lt;span class=&#34;cl&#34;&gt;&lt;span class=&#34;c1&#34;&gt;##     -17.579        3.932&lt;/span&gt;
&lt;/span&gt;&lt;/span&gt;&lt;/code&gt;&lt;/pre&gt;&lt;/td&gt;&lt;/tr&gt;&lt;/table&gt;
&lt;/div&gt;
&lt;/div&gt;&lt;h1 id=&#34;including-plots&#34;&gt;Including Plots
&lt;/h1&gt;&lt;p&gt;You can also embed plots. See Figure &lt;a href=&#34;#fig:pie&#34;&gt;1&lt;/a&gt; for example:&lt;/p&gt;
&lt;div class=&#34;highlight&#34;&gt;&lt;div class=&#34;chroma&#34;&gt;
&lt;table class=&#34;lntable&#34;&gt;&lt;tr&gt;&lt;td class=&#34;lntd&#34;&gt;
&lt;pre tabindex=&#34;0&#34; class=&#34;chroma&#34;&gt;&lt;code&gt;&lt;span class=&#34;lnt&#34;&gt;1
&lt;/span&gt;&lt;span class=&#34;lnt&#34;&gt;2
&lt;/span&gt;&lt;span class=&#34;lnt&#34;&gt;3
&lt;/span&gt;&lt;span class=&#34;lnt&#34;&gt;4
&lt;/span&gt;&lt;span class=&#34;lnt&#34;&gt;5
&lt;/span&gt;&lt;span class=&#34;lnt&#34;&gt;6
&lt;/span&gt;&lt;span class=&#34;lnt&#34;&gt;7
&lt;/span&gt;&lt;/code&gt;&lt;/pre&gt;&lt;/td&gt;
&lt;td class=&#34;lntd&#34;&gt;
&lt;pre tabindex=&#34;0&#34; class=&#34;chroma&#34;&gt;&lt;code class=&#34;language-r&#34; data-lang=&#34;r&#34;&gt;&lt;span class=&#34;line&#34;&gt;&lt;span class=&#34;cl&#34;&gt;&lt;span class=&#34;nf&#34;&gt;par&lt;/span&gt;&lt;span class=&#34;p&#34;&gt;(&lt;/span&gt;&lt;span class=&#34;n&#34;&gt;mar&lt;/span&gt; &lt;span class=&#34;o&#34;&gt;=&lt;/span&gt; &lt;span class=&#34;nf&#34;&gt;c&lt;/span&gt;&lt;span class=&#34;p&#34;&gt;(&lt;/span&gt;&lt;span class=&#34;m&#34;&gt;0&lt;/span&gt;&lt;span class=&#34;p&#34;&gt;,&lt;/span&gt; &lt;span class=&#34;m&#34;&gt;1&lt;/span&gt;&lt;span class=&#34;p&#34;&gt;,&lt;/span&gt; &lt;span class=&#34;m&#34;&gt;0&lt;/span&gt;&lt;span class=&#34;p&#34;&gt;,&lt;/span&gt; &lt;span class=&#34;m&#34;&gt;1&lt;/span&gt;&lt;span class=&#34;p&#34;&gt;))&lt;/span&gt;
&lt;/span&gt;&lt;/span&gt;&lt;span class=&#34;line&#34;&gt;&lt;span class=&#34;cl&#34;&gt;&lt;span class=&#34;nf&#34;&gt;pie&lt;/span&gt;&lt;span class=&#34;p&#34;&gt;(&lt;/span&gt;
&lt;/span&gt;&lt;/span&gt;&lt;span class=&#34;line&#34;&gt;&lt;span class=&#34;cl&#34;&gt;  &lt;span class=&#34;nf&#34;&gt;c&lt;/span&gt;&lt;span class=&#34;p&#34;&gt;(&lt;/span&gt;&lt;span class=&#34;m&#34;&gt;280&lt;/span&gt;&lt;span class=&#34;p&#34;&gt;,&lt;/span&gt; &lt;span class=&#34;m&#34;&gt;60&lt;/span&gt;&lt;span class=&#34;p&#34;&gt;,&lt;/span&gt; &lt;span class=&#34;m&#34;&gt;20&lt;/span&gt;&lt;span class=&#34;p&#34;&gt;),&lt;/span&gt;
&lt;/span&gt;&lt;/span&gt;&lt;span class=&#34;line&#34;&gt;&lt;span class=&#34;cl&#34;&gt;  &lt;span class=&#34;nf&#34;&gt;c&lt;/span&gt;&lt;span class=&#34;p&#34;&gt;(&lt;/span&gt;&lt;span class=&#34;s&#34;&gt;&amp;#39;Sky&amp;#39;&lt;/span&gt;&lt;span class=&#34;p&#34;&gt;,&lt;/span&gt; &lt;span class=&#34;s&#34;&gt;&amp;#39;Sunny side of pyramid&amp;#39;&lt;/span&gt;&lt;span class=&#34;p&#34;&gt;,&lt;/span&gt; &lt;span class=&#34;s&#34;&gt;&amp;#39;Shady side of pyramid&amp;#39;&lt;/span&gt;&lt;span class=&#34;p&#34;&gt;),&lt;/span&gt;
&lt;/span&gt;&lt;/span&gt;&lt;span class=&#34;line&#34;&gt;&lt;span class=&#34;cl&#34;&gt;  &lt;span class=&#34;n&#34;&gt;col&lt;/span&gt; &lt;span class=&#34;o&#34;&gt;=&lt;/span&gt; &lt;span class=&#34;nf&#34;&gt;c&lt;/span&gt;&lt;span class=&#34;p&#34;&gt;(&lt;/span&gt;&lt;span class=&#34;s&#34;&gt;&amp;#39;#0292D8&amp;#39;&lt;/span&gt;&lt;span class=&#34;p&#34;&gt;,&lt;/span&gt; &lt;span class=&#34;s&#34;&gt;&amp;#39;#F7EA39&amp;#39;&lt;/span&gt;&lt;span class=&#34;p&#34;&gt;,&lt;/span&gt; &lt;span class=&#34;s&#34;&gt;&amp;#39;#C4B632&amp;#39;&lt;/span&gt;&lt;span class=&#34;p&#34;&gt;),&lt;/span&gt;
&lt;/span&gt;&lt;/span&gt;&lt;span class=&#34;line&#34;&gt;&lt;span class=&#34;cl&#34;&gt;  &lt;span class=&#34;n&#34;&gt;init.angle&lt;/span&gt; &lt;span class=&#34;o&#34;&gt;=&lt;/span&gt; &lt;span class=&#34;m&#34;&gt;-50&lt;/span&gt;&lt;span class=&#34;p&#34;&gt;,&lt;/span&gt; &lt;span class=&#34;n&#34;&gt;border&lt;/span&gt; &lt;span class=&#34;o&#34;&gt;=&lt;/span&gt; &lt;span class=&#34;kc&#34;&gt;NA&lt;/span&gt;
&lt;/span&gt;&lt;/span&gt;&lt;span class=&#34;line&#34;&gt;&lt;span class=&#34;cl&#34;&gt;&lt;span class=&#34;p&#34;&gt;)&lt;/span&gt;
&lt;/span&gt;&lt;/span&gt;&lt;/code&gt;&lt;/pre&gt;&lt;/td&gt;&lt;/tr&gt;&lt;/table&gt;
&lt;/div&gt;
&lt;/div&gt;&lt;div class=&#34;figure&#34;&gt;
&lt;img src=&#34;http://localhost:4321/p/hello-r-markdown/index.en_files/figure-html/pie-1.png&#34; alt=&#34;A fancy pie chart.&#34; width=&#34;672&#34; /&gt;
&lt;p class=&#34;caption&#34;&gt;&lt;span id=&#34;fig:pie&#34;&gt;&lt;/span&gt;Figure 1: A fancy pie chart.&lt;/p&gt;
&lt;/div&gt;
</description>
        </item>
        <item>
        <title>Links</title>
        <link>http://localhost:4321/links/</link>
        <pubDate>Mon, 01 Jan 0001 00:00:00 +0000</pubDate>
        
        <guid>http://localhost:4321/links/</guid>
        <description>&lt;p&gt;To use this feature, add &lt;code&gt;links&lt;/code&gt; section to frontmatter.&lt;/p&gt;
&lt;p&gt;This page&amp;rsquo;s frontmatter:&lt;/p&gt;
&lt;div class=&#34;highlight&#34;&gt;&lt;div class=&#34;chroma&#34;&gt;
&lt;table class=&#34;lntable&#34;&gt;&lt;tr&gt;&lt;td class=&#34;lntd&#34;&gt;
&lt;pre tabindex=&#34;0&#34; class=&#34;chroma&#34;&gt;&lt;code&gt;&lt;span class=&#34;lnt&#34;&gt;1
&lt;/span&gt;&lt;span class=&#34;lnt&#34;&gt;2
&lt;/span&gt;&lt;span class=&#34;lnt&#34;&gt;3
&lt;/span&gt;&lt;span class=&#34;lnt&#34;&gt;4
&lt;/span&gt;&lt;span class=&#34;lnt&#34;&gt;5
&lt;/span&gt;&lt;span class=&#34;lnt&#34;&gt;6
&lt;/span&gt;&lt;span class=&#34;lnt&#34;&gt;7
&lt;/span&gt;&lt;span class=&#34;lnt&#34;&gt;8
&lt;/span&gt;&lt;span class=&#34;lnt&#34;&gt;9
&lt;/span&gt;&lt;/code&gt;&lt;/pre&gt;&lt;/td&gt;
&lt;td class=&#34;lntd&#34;&gt;
&lt;pre tabindex=&#34;0&#34; class=&#34;chroma&#34;&gt;&lt;code class=&#34;language-yaml&#34; data-lang=&#34;yaml&#34;&gt;&lt;span class=&#34;line&#34;&gt;&lt;span class=&#34;cl&#34;&gt;&lt;span class=&#34;nt&#34;&gt;links&lt;/span&gt;&lt;span class=&#34;p&#34;&gt;:&lt;/span&gt;&lt;span class=&#34;w&#34;&gt;
&lt;/span&gt;&lt;/span&gt;&lt;/span&gt;&lt;span class=&#34;line&#34;&gt;&lt;span class=&#34;cl&#34;&gt;&lt;span class=&#34;w&#34;&gt;  &lt;/span&gt;- &lt;span class=&#34;nt&#34;&gt;title&lt;/span&gt;&lt;span class=&#34;p&#34;&gt;:&lt;/span&gt;&lt;span class=&#34;w&#34;&gt; &lt;/span&gt;&lt;span class=&#34;l&#34;&gt;GitHub&lt;/span&gt;&lt;span class=&#34;w&#34;&gt;
&lt;/span&gt;&lt;/span&gt;&lt;/span&gt;&lt;span class=&#34;line&#34;&gt;&lt;span class=&#34;cl&#34;&gt;&lt;span class=&#34;w&#34;&gt;    &lt;/span&gt;&lt;span class=&#34;nt&#34;&gt;description&lt;/span&gt;&lt;span class=&#34;p&#34;&gt;:&lt;/span&gt;&lt;span class=&#34;w&#34;&gt; &lt;/span&gt;&lt;span class=&#34;l&#34;&gt;GitHub is the world&amp;#39;s largest software development platform.&lt;/span&gt;&lt;span class=&#34;w&#34;&gt;
&lt;/span&gt;&lt;/span&gt;&lt;/span&gt;&lt;span class=&#34;line&#34;&gt;&lt;span class=&#34;cl&#34;&gt;&lt;span class=&#34;w&#34;&gt;    &lt;/span&gt;&lt;span class=&#34;nt&#34;&gt;website&lt;/span&gt;&lt;span class=&#34;p&#34;&gt;:&lt;/span&gt;&lt;span class=&#34;w&#34;&gt; &lt;/span&gt;&lt;span class=&#34;l&#34;&gt;https://github.com&lt;/span&gt;&lt;span class=&#34;w&#34;&gt;
&lt;/span&gt;&lt;/span&gt;&lt;/span&gt;&lt;span class=&#34;line&#34;&gt;&lt;span class=&#34;cl&#34;&gt;&lt;span class=&#34;w&#34;&gt;    &lt;/span&gt;&lt;span class=&#34;nt&#34;&gt;image&lt;/span&gt;&lt;span class=&#34;p&#34;&gt;:&lt;/span&gt;&lt;span class=&#34;w&#34;&gt; &lt;/span&gt;&lt;span class=&#34;l&#34;&gt;https://github.githubassets.com/images/modules/logos_page/GitHub-Mark.png&lt;/span&gt;&lt;span class=&#34;w&#34;&gt;
&lt;/span&gt;&lt;/span&gt;&lt;/span&gt;&lt;span class=&#34;line&#34;&gt;&lt;span class=&#34;cl&#34;&gt;&lt;span class=&#34;w&#34;&gt;  &lt;/span&gt;- &lt;span class=&#34;nt&#34;&gt;title&lt;/span&gt;&lt;span class=&#34;p&#34;&gt;:&lt;/span&gt;&lt;span class=&#34;w&#34;&gt; &lt;/span&gt;&lt;span class=&#34;l&#34;&gt;TypeScript&lt;/span&gt;&lt;span class=&#34;w&#34;&gt;
&lt;/span&gt;&lt;/span&gt;&lt;/span&gt;&lt;span class=&#34;line&#34;&gt;&lt;span class=&#34;cl&#34;&gt;&lt;span class=&#34;w&#34;&gt;    &lt;/span&gt;&lt;span class=&#34;nt&#34;&gt;description&lt;/span&gt;&lt;span class=&#34;p&#34;&gt;:&lt;/span&gt;&lt;span class=&#34;w&#34;&gt; &lt;/span&gt;&lt;span class=&#34;l&#34;&gt;TypeScript is a typed superset of JavaScript that compiles to plain JavaScript.&lt;/span&gt;&lt;span class=&#34;w&#34;&gt;
&lt;/span&gt;&lt;/span&gt;&lt;/span&gt;&lt;span class=&#34;line&#34;&gt;&lt;span class=&#34;cl&#34;&gt;&lt;span class=&#34;w&#34;&gt;    &lt;/span&gt;&lt;span class=&#34;nt&#34;&gt;website&lt;/span&gt;&lt;span class=&#34;p&#34;&gt;:&lt;/span&gt;&lt;span class=&#34;w&#34;&gt; &lt;/span&gt;&lt;span class=&#34;l&#34;&gt;https://www.typescriptlang.org&lt;/span&gt;&lt;span class=&#34;w&#34;&gt;
&lt;/span&gt;&lt;/span&gt;&lt;/span&gt;&lt;span class=&#34;line&#34;&gt;&lt;span class=&#34;cl&#34;&gt;&lt;span class=&#34;w&#34;&gt;    &lt;/span&gt;&lt;span class=&#34;nt&#34;&gt;image&lt;/span&gt;&lt;span class=&#34;p&#34;&gt;:&lt;/span&gt;&lt;span class=&#34;w&#34;&gt; &lt;/span&gt;&lt;span class=&#34;l&#34;&gt;ts-logo-128.jpg&lt;/span&gt;&lt;span class=&#34;w&#34;&gt;
&lt;/span&gt;&lt;/span&gt;&lt;/span&gt;&lt;/code&gt;&lt;/pre&gt;&lt;/td&gt;&lt;/tr&gt;&lt;/table&gt;
&lt;/div&gt;
&lt;/div&gt;&lt;p&gt;&lt;code&gt;image&lt;/code&gt; field accepts both local and external images.&lt;/p&gt;
</description>
        </item>
        <item>
        <title>Search</title>
        <link>http://localhost:4321/search/</link>
        <pubDate>Mon, 01 Jan 0001 00:00:00 +0000</pubDate>
        
        <guid>http://localhost:4321/search/</guid>
        <description></description>
        </item>
        
    </channel>
</rss>
