<?xml version="1.0" encoding="utf-8" standalone="yes"?>
<rss version="2.0" xmlns:atom="http://www.w3.org/2005/Atom">
    <channel>
        <title>R on Grutto Archeologie</title>
        <link>http://localhost:4321/categories/r/</link>
        <description>Recent content in R on Grutto Archeologie</description>
        <generator>Hugo -- gohugo.io</generator>
        <language>en-us</language>
        <lastBuildDate>Tue, 01 Dec 2020 21:13:14 -0500</lastBuildDate><atom:link href="http://localhost:4321/categories/r/index.xml" rel="self" type="application/rss+xml" /><item>
        <title>Hello R Markdown</title>
        <link>http://localhost:4321/p/hello-r-markdown/</link>
        <pubDate>Tue, 01 Dec 2020 21:13:14 -0500</pubDate>
        
        <guid>http://localhost:4321/p/hello-r-markdown/</guid>
        <description>&lt;h1 id=&#34;r-markdown&#34;&gt;R Markdown
&lt;/h1&gt;&lt;p&gt;This is an R Markdown document. Markdown is a simple formatting syntax for authoring HTML, PDF, and MS Word documents. For more details on using R Markdown see &lt;a class=&#34;link&#34; href=&#34;http://rmarkdown.rstudio.com&#34;  target=&#34;_blank&#34; rel=&#34;noopener&#34;
    &gt;http://rmarkdown.rstudio.com&lt;/a&gt;.&lt;/p&gt;
&lt;p&gt;You can embed an R code chunk like this:&lt;/p&gt;
&lt;div class=&#34;highlight&#34;&gt;&lt;div class=&#34;chroma&#34;&gt;
&lt;table class=&#34;lntable&#34;&gt;&lt;tr&gt;&lt;td class=&#34;lntd&#34;&gt;
&lt;pre tabindex=&#34;0&#34; class=&#34;chroma&#34;&gt;&lt;code&gt;&lt;span class=&#34;lnt&#34;&gt; 1
&lt;/span&gt;&lt;span class=&#34;lnt&#34;&gt; 2
&lt;/span&gt;&lt;span class=&#34;lnt&#34;&gt; 3
&lt;/span&gt;&lt;span class=&#34;lnt&#34;&gt; 4
&lt;/span&gt;&lt;span class=&#34;lnt&#34;&gt; 5
&lt;/span&gt;&lt;span class=&#34;lnt&#34;&gt; 6
&lt;/span&gt;&lt;span class=&#34;lnt&#34;&gt; 7
&lt;/span&gt;&lt;span class=&#34;lnt&#34;&gt; 8
&lt;/span&gt;&lt;span class=&#34;lnt&#34;&gt; 9
&lt;/span&gt;&lt;span class=&#34;lnt&#34;&gt;10
&lt;/span&gt;&lt;span class=&#34;lnt&#34;&gt;11
&lt;/span&gt;&lt;span class=&#34;lnt&#34;&gt;12
&lt;/span&gt;&lt;span class=&#34;lnt&#34;&gt;13
&lt;/span&gt;&lt;span class=&#34;lnt&#34;&gt;14
&lt;/span&gt;&lt;span class=&#34;lnt&#34;&gt;15
&lt;/span&gt;&lt;span class=&#34;lnt&#34;&gt;16
&lt;/span&gt;&lt;span class=&#34;lnt&#34;&gt;17
&lt;/span&gt;&lt;/code&gt;&lt;/pre&gt;&lt;/td&gt;
&lt;td class=&#34;lntd&#34;&gt;
&lt;pre tabindex=&#34;0&#34; class=&#34;chroma&#34;&gt;&lt;code class=&#34;language-r&#34; data-lang=&#34;r&#34;&gt;&lt;span class=&#34;line&#34;&gt;&lt;span class=&#34;cl&#34;&gt;&lt;span class=&#34;nf&#34;&gt;summary&lt;/span&gt;&lt;span class=&#34;p&#34;&gt;(&lt;/span&gt;&lt;span class=&#34;n&#34;&gt;cars&lt;/span&gt;&lt;span class=&#34;p&#34;&gt;)&lt;/span&gt;
&lt;/span&gt;&lt;/span&gt;&lt;span class=&#34;line&#34;&gt;&lt;span class=&#34;cl&#34;&gt;&lt;span class=&#34;c1&#34;&gt;##      speed           dist       &lt;/span&gt;
&lt;/span&gt;&lt;/span&gt;&lt;span class=&#34;line&#34;&gt;&lt;span class=&#34;cl&#34;&gt;&lt;span class=&#34;c1&#34;&gt;##  Min.   : 4.0   Min.   :  2.00  &lt;/span&gt;
&lt;/span&gt;&lt;/span&gt;&lt;span class=&#34;line&#34;&gt;&lt;span class=&#34;cl&#34;&gt;&lt;span class=&#34;c1&#34;&gt;##  1st Qu.:12.0   1st Qu.: 26.00  &lt;/span&gt;
&lt;/span&gt;&lt;/span&gt;&lt;span class=&#34;line&#34;&gt;&lt;span class=&#34;cl&#34;&gt;&lt;span class=&#34;c1&#34;&gt;##  Median :15.0   Median : 36.00  &lt;/span&gt;
&lt;/span&gt;&lt;/span&gt;&lt;span class=&#34;line&#34;&gt;&lt;span class=&#34;cl&#34;&gt;&lt;span class=&#34;c1&#34;&gt;##  Mean   :15.4   Mean   : 42.98  &lt;/span&gt;
&lt;/span&gt;&lt;/span&gt;&lt;span class=&#34;line&#34;&gt;&lt;span class=&#34;cl&#34;&gt;&lt;span class=&#34;c1&#34;&gt;##  3rd Qu.:19.0   3rd Qu.: 56.00  &lt;/span&gt;
&lt;/span&gt;&lt;/span&gt;&lt;span class=&#34;line&#34;&gt;&lt;span class=&#34;cl&#34;&gt;&lt;span class=&#34;c1&#34;&gt;##  Max.   :25.0   Max.   :120.00&lt;/span&gt;
&lt;/span&gt;&lt;/span&gt;&lt;span class=&#34;line&#34;&gt;&lt;span class=&#34;cl&#34;&gt;&lt;span class=&#34;n&#34;&gt;fit&lt;/span&gt; &lt;span class=&#34;o&#34;&gt;&amp;lt;-&lt;/span&gt; &lt;span class=&#34;nf&#34;&gt;lm&lt;/span&gt;&lt;span class=&#34;p&#34;&gt;(&lt;/span&gt;&lt;span class=&#34;n&#34;&gt;dist&lt;/span&gt; &lt;span class=&#34;o&#34;&gt;~&lt;/span&gt; &lt;span class=&#34;n&#34;&gt;speed&lt;/span&gt;&lt;span class=&#34;p&#34;&gt;,&lt;/span&gt; &lt;span class=&#34;n&#34;&gt;data&lt;/span&gt; &lt;span class=&#34;o&#34;&gt;=&lt;/span&gt; &lt;span class=&#34;n&#34;&gt;cars&lt;/span&gt;&lt;span class=&#34;p&#34;&gt;)&lt;/span&gt;
&lt;/span&gt;&lt;/span&gt;&lt;span class=&#34;line&#34;&gt;&lt;span class=&#34;cl&#34;&gt;&lt;span class=&#34;n&#34;&gt;fit&lt;/span&gt;
&lt;/span&gt;&lt;/span&gt;&lt;span class=&#34;line&#34;&gt;&lt;span class=&#34;cl&#34;&gt;&lt;span class=&#34;c1&#34;&gt;## &lt;/span&gt;
&lt;/span&gt;&lt;/span&gt;&lt;span class=&#34;line&#34;&gt;&lt;span class=&#34;cl&#34;&gt;&lt;span class=&#34;c1&#34;&gt;## Call:&lt;/span&gt;
&lt;/span&gt;&lt;/span&gt;&lt;span class=&#34;line&#34;&gt;&lt;span class=&#34;cl&#34;&gt;&lt;span class=&#34;c1&#34;&gt;## lm(formula = dist ~ speed, data = cars)&lt;/span&gt;
&lt;/span&gt;&lt;/span&gt;&lt;span class=&#34;line&#34;&gt;&lt;span class=&#34;cl&#34;&gt;&lt;span class=&#34;c1&#34;&gt;## &lt;/span&gt;
&lt;/span&gt;&lt;/span&gt;&lt;span class=&#34;line&#34;&gt;&lt;span class=&#34;cl&#34;&gt;&lt;span class=&#34;c1&#34;&gt;## Coefficients:&lt;/span&gt;
&lt;/span&gt;&lt;/span&gt;&lt;span class=&#34;line&#34;&gt;&lt;span class=&#34;cl&#34;&gt;&lt;span class=&#34;c1&#34;&gt;## (Intercept)        speed  &lt;/span&gt;
&lt;/span&gt;&lt;/span&gt;&lt;span class=&#34;line&#34;&gt;&lt;span class=&#34;cl&#34;&gt;&lt;span class=&#34;c1&#34;&gt;##     -17.579        3.932&lt;/span&gt;
&lt;/span&gt;&lt;/span&gt;&lt;/code&gt;&lt;/pre&gt;&lt;/td&gt;&lt;/tr&gt;&lt;/table&gt;
&lt;/div&gt;
&lt;/div&gt;&lt;h1 id=&#34;including-plots&#34;&gt;Including Plots
&lt;/h1&gt;&lt;p&gt;You can also embed plots. See Figure &lt;a href=&#34;#fig:pie&#34;&gt;1&lt;/a&gt; for example:&lt;/p&gt;
&lt;div class=&#34;highlight&#34;&gt;&lt;div class=&#34;chroma&#34;&gt;
&lt;table class=&#34;lntable&#34;&gt;&lt;tr&gt;&lt;td class=&#34;lntd&#34;&gt;
&lt;pre tabindex=&#34;0&#34; class=&#34;chroma&#34;&gt;&lt;code&gt;&lt;span class=&#34;lnt&#34;&gt;1
&lt;/span&gt;&lt;span class=&#34;lnt&#34;&gt;2
&lt;/span&gt;&lt;span class=&#34;lnt&#34;&gt;3
&lt;/span&gt;&lt;span class=&#34;lnt&#34;&gt;4
&lt;/span&gt;&lt;span class=&#34;lnt&#34;&gt;5
&lt;/span&gt;&lt;span class=&#34;lnt&#34;&gt;6
&lt;/span&gt;&lt;span class=&#34;lnt&#34;&gt;7
&lt;/span&gt;&lt;/code&gt;&lt;/pre&gt;&lt;/td&gt;
&lt;td class=&#34;lntd&#34;&gt;
&lt;pre tabindex=&#34;0&#34; class=&#34;chroma&#34;&gt;&lt;code class=&#34;language-r&#34; data-lang=&#34;r&#34;&gt;&lt;span class=&#34;line&#34;&gt;&lt;span class=&#34;cl&#34;&gt;&lt;span class=&#34;nf&#34;&gt;par&lt;/span&gt;&lt;span class=&#34;p&#34;&gt;(&lt;/span&gt;&lt;span class=&#34;n&#34;&gt;mar&lt;/span&gt; &lt;span class=&#34;o&#34;&gt;=&lt;/span&gt; &lt;span class=&#34;nf&#34;&gt;c&lt;/span&gt;&lt;span class=&#34;p&#34;&gt;(&lt;/span&gt;&lt;span class=&#34;m&#34;&gt;0&lt;/span&gt;&lt;span class=&#34;p&#34;&gt;,&lt;/span&gt; &lt;span class=&#34;m&#34;&gt;1&lt;/span&gt;&lt;span class=&#34;p&#34;&gt;,&lt;/span&gt; &lt;span class=&#34;m&#34;&gt;0&lt;/span&gt;&lt;span class=&#34;p&#34;&gt;,&lt;/span&gt; &lt;span class=&#34;m&#34;&gt;1&lt;/span&gt;&lt;span class=&#34;p&#34;&gt;))&lt;/span&gt;
&lt;/span&gt;&lt;/span&gt;&lt;span class=&#34;line&#34;&gt;&lt;span class=&#34;cl&#34;&gt;&lt;span class=&#34;nf&#34;&gt;pie&lt;/span&gt;&lt;span class=&#34;p&#34;&gt;(&lt;/span&gt;
&lt;/span&gt;&lt;/span&gt;&lt;span class=&#34;line&#34;&gt;&lt;span class=&#34;cl&#34;&gt;  &lt;span class=&#34;nf&#34;&gt;c&lt;/span&gt;&lt;span class=&#34;p&#34;&gt;(&lt;/span&gt;&lt;span class=&#34;m&#34;&gt;280&lt;/span&gt;&lt;span class=&#34;p&#34;&gt;,&lt;/span&gt; &lt;span class=&#34;m&#34;&gt;60&lt;/span&gt;&lt;span class=&#34;p&#34;&gt;,&lt;/span&gt; &lt;span class=&#34;m&#34;&gt;20&lt;/span&gt;&lt;span class=&#34;p&#34;&gt;),&lt;/span&gt;
&lt;/span&gt;&lt;/span&gt;&lt;span class=&#34;line&#34;&gt;&lt;span class=&#34;cl&#34;&gt;  &lt;span class=&#34;nf&#34;&gt;c&lt;/span&gt;&lt;span class=&#34;p&#34;&gt;(&lt;/span&gt;&lt;span class=&#34;s&#34;&gt;&amp;#39;Sky&amp;#39;&lt;/span&gt;&lt;span class=&#34;p&#34;&gt;,&lt;/span&gt; &lt;span class=&#34;s&#34;&gt;&amp;#39;Sunny side of pyramid&amp;#39;&lt;/span&gt;&lt;span class=&#34;p&#34;&gt;,&lt;/span&gt; &lt;span class=&#34;s&#34;&gt;&amp;#39;Shady side of pyramid&amp;#39;&lt;/span&gt;&lt;span class=&#34;p&#34;&gt;),&lt;/span&gt;
&lt;/span&gt;&lt;/span&gt;&lt;span class=&#34;line&#34;&gt;&lt;span class=&#34;cl&#34;&gt;  &lt;span class=&#34;n&#34;&gt;col&lt;/span&gt; &lt;span class=&#34;o&#34;&gt;=&lt;/span&gt; &lt;span class=&#34;nf&#34;&gt;c&lt;/span&gt;&lt;span class=&#34;p&#34;&gt;(&lt;/span&gt;&lt;span class=&#34;s&#34;&gt;&amp;#39;#0292D8&amp;#39;&lt;/span&gt;&lt;span class=&#34;p&#34;&gt;,&lt;/span&gt; &lt;span class=&#34;s&#34;&gt;&amp;#39;#F7EA39&amp;#39;&lt;/span&gt;&lt;span class=&#34;p&#34;&gt;,&lt;/span&gt; &lt;span class=&#34;s&#34;&gt;&amp;#39;#C4B632&amp;#39;&lt;/span&gt;&lt;span class=&#34;p&#34;&gt;),&lt;/span&gt;
&lt;/span&gt;&lt;/span&gt;&lt;span class=&#34;line&#34;&gt;&lt;span class=&#34;cl&#34;&gt;  &lt;span class=&#34;n&#34;&gt;init.angle&lt;/span&gt; &lt;span class=&#34;o&#34;&gt;=&lt;/span&gt; &lt;span class=&#34;m&#34;&gt;-50&lt;/span&gt;&lt;span class=&#34;p&#34;&gt;,&lt;/span&gt; &lt;span class=&#34;n&#34;&gt;border&lt;/span&gt; &lt;span class=&#34;o&#34;&gt;=&lt;/span&gt; &lt;span class=&#34;kc&#34;&gt;NA&lt;/span&gt;
&lt;/span&gt;&lt;/span&gt;&lt;span class=&#34;line&#34;&gt;&lt;span class=&#34;cl&#34;&gt;&lt;span class=&#34;p&#34;&gt;)&lt;/span&gt;
&lt;/span&gt;&lt;/span&gt;&lt;/code&gt;&lt;/pre&gt;&lt;/td&gt;&lt;/tr&gt;&lt;/table&gt;
&lt;/div&gt;
&lt;/div&gt;&lt;div class=&#34;figure&#34;&gt;
&lt;img src=&#34;http://localhost:4321/p/hello-r-markdown/index.en_files/figure-html/pie-1.png&#34; alt=&#34;A fancy pie chart.&#34; width=&#34;672&#34; /&gt;
&lt;p class=&#34;caption&#34;&gt;&lt;span id=&#34;fig:pie&#34;&gt;&lt;/span&gt;Figure 1: A fancy pie chart.&lt;/p&gt;
&lt;/div&gt;
</description>
        </item>
        
    </channel>
</rss>
