<?xml version="1.0" encoding="utf-8" standalone="yes"?>
<rss version="2.0" xmlns:atom="http://www.w3.org/2005/Atom">
    <channel>
        <title>Categories on Grutto Archeologie</title>
        <link>http://localhost:4321/categories/</link>
        <description>Recent content in Categories on Grutto Archeologie</description>
        <generator>Hugo -- gohugo.io</generator>
        <language>en-us</language>
        <lastBuildDate>Thu, 07 Sep 2023 00:00:00 +0000</lastBuildDate><atom:link href="http://localhost:4321/categories/index.xml" rel="self" type="application/rss+xml" /><item>
        <title>Syntax</title>
        <link>http://localhost:4321/categories/syntax/</link>
        <pubDate>Thu, 07 Sep 2023 00:00:00 +0000</pubDate>
        
        <guid>http://localhost:4321/categories/syntax/</guid>
        <description></description>
        </item>
        <item>
        <title>Themes</title>
        <link>http://localhost:4321/categories/themes/</link>
        <pubDate>Thu, 07 Sep 2023 00:00:00 +0000</pubDate>
        
        <guid>http://localhost:4321/categories/themes/</guid>
        <description></description>
        </item>
        <item>
        <title>Example Category</title>
        <link>http://localhost:4321/categories/example-category/</link>
        <pubDate>Sun, 06 Mar 2022 00:00:00 +0000</pubDate>
        
        <guid>http://localhost:4321/categories/example-category/</guid>
        <description></description>
        </item>
        <item>
        <title>R</title>
        <link>http://localhost:4321/categories/r/</link>
        <pubDate>Tue, 01 Dec 2020 21:13:14 -0500</pubDate>
        
        <guid>http://localhost:4321/categories/r/</guid>
        <description></description>
        </item>
        
    </channel>
</rss>
